0,1
0.36124435868733384,0.6387556413126658
0.12510750500210482,0.8748924949978949
0.21569675676440953,0.7843032432355901
0.13692727335803717,0.8630727266419624
0.3785269990709255,0.6214730009290741
0.35684443152852086,0.6431555684714788
0.006866984074541838,0.9931330159254579
0.2894717841252353,0.7105282158747643
0.4867130204117672,0.5132869795882324
0.3765696927131905,0.6234303072868091
0.04774852067669594,0.9522514793233037
0.05781973896602394,0.9421802610339758
0.10370699821672191,0.8962930017832778
0.6882203227967815,0.3117796772032182
0.8410821592525214,0.15891784074747828
0.8583609509564608,0.14163904904353886
0.25640239424003686,0.7435976057599628
0.08913328129400683,0.9108667187059929
0.3625417828379221,0.6374582171620775
0.5276341741851871,0.47236582581481257
0.27177591274696095,0.7282240872530388
0.39388276964943253,0.6061172303505672
0.8127081738939699,0.18729182610602974
0.8560775296136671,0.1439224703863325
0.9924981013413792,0.007501898658620498
0.8845513149950067,0.11544868500499295
0.8548516448294352,0.14514835517056446
0.6591495739054285,0.34085042609457117
0.8807277803043774,0.1192722196956223
0.5636943302392398,0.4363056697607599
0.3590030602778218,0.6409969397221779
0.5110052567142921,0.4889947432857076
0.9028715773088762,0.09712842269112337
0.44060074884840505,0.5593992511515946
0.23843053800591574,0.7615694619940839
0.24971276792366992,0.7502872320763297
0.185919952719515,0.8140800472804847
0.15172125807321118,0.8482787419267885
0.3788103949738406,0.621189605026159
0.5754923690130307,0.424507630986969
0.6822742474091212,0.31772575259087843
0.5716986215977438,0.4283013784022559
0.04776957937089327,0.9522304206291063
0.017538907656241887,0.9824610923437578
0.043843502727446526,0.9561564972725531
0.028096278648567674,0.971903721351432
0.789704142596409,0.2102958574035907
0.8277614236961321,0.17223857630386752
0.7300535246484872,0.26994647535151245
0.5209673894502048,0.47903261054979485
0.4995115842904901,0.5004884157095095
0.8328062724986635,0.1671937275013362
0.972589410055282,0.027410589944717678
0.29574635216090994,0.7042536478390897
0.49628870806009423,0.5037112919399054
0.5663419217005168,0.4336580782994829
0.7299395434279552,0.2700604565720444
0.9796374898522406,0.020362510147759083
0.47343393111975507,0.5265660688802446
0.9769000395810692,0.02309996041893042
0.7282194913101574,0.2717805086898423
0.9716355330830528,0.028364466916946773
0.9259823330227821,0.07401766697721762
0.9839386922687174,0.016061307731282226
0.9572565172150094,0.042743482784990294
0.011032784837269938,0.9889672151627298
0.3251861094064427,0.674813890593557
0.12319362349739765,0.876806376502602
0.7746625532190032,0.2253374467809965
0.9240557001332255,0.07594429986677415
0.8644210217266959,0.13557897827330379
0.9431591438105867,0.056840856189412925
0.9665422548182763,0.0334577451817234
0.9985681090691476,0.0014318909308519978
0.9078674681464467,0.09213253185355302
0.683175377373445,0.31682462262655464
0.2190820353159858,0.7809179646840139
0.15257595797758133,0.8474240420224184
0.08135236441171156,0.9186476355882881
0.2798297808251765,0.7201702191748232
0.35832678944936047,0.6416732105506392
0.54650929279632,0.4534907072036797
0.7819584600959512,0.2180415399040485
0.694254962343728,0.3057450376562717
0.8085782493540599,0.19142175064593975
0.3650140167245297,0.63498598327547
0.17692055295718856,0.8230794470428111
0.4584309072237438,0.5415690927762559
0.9590694960803319,0.04093050391966779
0.8068279743919023,0.19317202560809732
0.5662472497226683,0.4337527502773314
0.7601435174973576,0.23985648250264208
0.7998194855992408,0.2001805144007589
0.7550877437107555,0.24491225628924423
0.39890320098391296,0.6010967990160867
0.7174695894749077,0.282530410525092
0.1638653763699216,0.8361346236300781
0.029678744976352645,0.9703212550236471
0.6415152601505798,0.3584847398494198
0.5677699670692984,0.4322300329307013
0.2883924767663421,0.7116075232336576
0.6275667882631724,0.3724332117368273
0.920584370976582,0.07941562902341776
0.7719671085403903,0.22803289145960942
0.9001318906031898,0.0998681093968099
0.3729576470081123,0.6270423529918874
0.29437723610991007,0.7056227638900896
0.9827042512898599,0.017295748710139724
0.2986795492383259,0.7013204507616737
0.4684436409253284,0.5315563590746712
0.38351679060203986,0.6164832093979598
0.23594354587623473,0.7640564541237649
0.7483285009377996,0.2516714990622001
0.3287908067756776,0.671209193224322
0.1991484063619774,0.8008515936380223
0.22636765196098535,0.7736323480390144
0.31104112889468066,0.688958871105319
0.07481873341820566,0.925181266581794
0.024947229143444882,0.9750527708565548
0.10235265871128152,0.8976473412887181
0.7404897376652904,0.2595102623347093
0.49809492473095424,0.5019050752690455
0.303430286466037,0.6965697135339627
0.8434746654022356,0.15652533459776402
0.7344643305641587,0.2655356694358409
0.814506711259193,0.18549328874080662
0.6688968729994169,0.33110312700058275
0.1337100025491858,0.8662899974508138
0.15515730443361575,0.8448426955663839
0.09209133995691804,0.9079086600430817
0.1708795893041457,0.829120410695854
0.5690184217163479,0.4309815782836518
0.3900540933987038,0.6099459066012959
0.3501757281593255,0.6498242718406742
0.3707319140292057,0.629268085970794
0.2709070175087244,0.7290929824912753
0.39310575685069843,0.6068942431493012
0.19083358965895525,0.8091664103410444
0.023011861919543353,0.9769881380804564
0.21719692513893218,0.7828030748610675
0.49408436797859695,0.5059156320214027
0.40649106192901546,0.5935089380709841
0.989377598286145,0.010622401713854646
0.35817784589209534,0.6418221541079043
0.918233842360562,0.08176615763943756
0.6433875869654242,0.3566124130345755
0.673289825567726,0.3267101744322737
0.6432128363563006,0.35678716364369906
0.4648563063184348,0.5351436936815649
0.6877604300971045,0.31223956990289514
0.6716600293445201,0.3283399706554796
0.7631425475915332,0.23685745240846645
0.43337213029671445,0.5666278697032852
0.44395492720975704,0.5560450727902426
0.28503428140254927,0.7149657185974504
0.6028677876740991,0.3971322123259006
0.3797904356072246,0.6202095643927751
0.6074765160424781,0.39252348395752157
0.8448930967525049,0.15510690324749477
0.779941252556233,0.22005874744376658
0.9776431664550129,0.0223568335449868
0.3837414488513363,0.6162585511486633
0.27709288567235957,0.7229071143276401
0.06113018955750538,0.9388698104424943
0.32870580786051606,0.6712941921394836
0.9183096828295578,0.08169031717044184
0.80522246854064,0.19477753145935972
0.4168856742213767,0.583114325778623
0.5242350618848985,0.4757649381151011
0.6663729832048699,0.3336270167951297
0.7165827101132339,0.28341728988676573
0.868745991549174,0.13125400845082574
0.5157659951736461,0.4842340048263536
0.8444322600274624,0.15556773997253726
0.8646049587089462,0.13539504129105356
0.8901149646837692,0.10988503531623056
0.9215191137702561,0.07848088622974353
0.8854634441849407,0.114536555815059
0.4528726407720779,0.5471273592279218
0.3311067981862397,0.6688932018137599
0.6704251489540989,0.3295748510459008
0.09509671225993904,0.9049032877400607
0.313390152199428,0.6866098478005717
0.3804230367344835,0.6195769632655161
0.1418287755268433,0.8581712244731563
0.9262227726807355,0.07377722731926417
0.9951659452680253,0.004834054731974402
0.8619905829646022,0.13800941703539743
0.7549422670364354,0.24505773296356426
0.5300959659529265,0.46990403404707315
0.25255214336625414,0.7474478566337455
0.21335045024170196,0.7866495497582977
0.7572413342697902,0.24275866573020943
0.7959869546508318,0.2040130453491678
0.998078792274155,0.0019212077258447535
0.4493783551882383,0.5506216448117613
0.883744405447026,0.11625559455297363
0.33435605792165196,0.6656439420783478
0.1878073270863414,0.8121926729136583
0.864431988582564,0.13556801141743563
0.8020074179909933,0.19799258200900638
0.8306369202684858,0.16936307973151393
0.7436913134941374,0.2563086865058623
0.7088909838793628,0.2911090161206369
0.9328284743208786,0.06717152567912105
0.6166618188259296,0.3833381811740701
0.6955318920723346,0.30446810792766504
0.15035289187684342,0.8496471081231562
0.5613807396597834,0.43861926034021625
0.6172646168902742,0.38273538310972544
0.37816100267294483,0.6218389973270548
0.8519127897832568,0.14808721021674282
0.5904569062249947,0.40954309377500503
0.4070154359524943,0.5929845640475053
0.7326475446156424,0.26735245538435726
0.8942692221989657,0.10573077780103407
0.7497050697522718,0.25029493024772786
0.5126418833624788,0.4873581166375208
0.08092740248144825,0.9190725975185514
0.0712863281485327,0.928713671851467
0.6503640133974724,0.3496359866025273
0.6924327895897736,0.30756721041022606
0.6552163386697357,0.34478366133026395
0.18501541790787285,0.8149845820921269
0.1930142109266756,0.8069857890733241
0.20707435861122286,0.7929256413887769
0.03264157196986328,0.9673584280301364
0.14431635288048722,0.8556836471195124
0.2694524672735108,0.7305475327264889
0.2747030351069434,0.7252969648930563
0.334753922941736,0.6652460770582637
0.07830377032755359,0.921696229672446
0.45881443265390776,0.5411855673460919
0.7845629665456739,0.2154370334543257
0.6208244562535997,0.37917554374639995
0.9205263327866852,0.0794736672133145
0.8591671276610681,0.1408328723389316
0.48268887459888404,0.5173111254011156
0.31332196272034507,0.6866780372796546
0.11806696607419837,0.8819330339258014
0.03001457073855851,0.9699854292614412
0.4260290147610746,0.5739709852389251
0.5413621190941217,0.458637880905878
0.4494865287037027,0.5505134712962969
0.8191284404556719,0.18087155954432776
0.8896015349395325,0.11039846506046713
0.7618459217540361,0.23815407824596357
0.29055011534978237,0.7094498846502173
0.2507797907438012,0.7492202092561985
0.34148928304471815,0.6585107169552815
0.9217029018687425,0.07829709813125718
0.683732409071687,0.31626759092831275
0.015285313086475405,0.9847146869135243
0.032816844030853276,0.9671831559691464
0.27369280051332456,0.7263071994866751
0.6124958782618538,0.3875041217381459
0.22664542853852104,0.7733545714614787
0.08357731804607194,0.9164226819539277
0.198914327696308,0.8010856723036917
0.6947869728950783,0.3052130271049214
0.11055338510864116,0.8894466148913585
0.010279588681090579,0.9897204113189091
0.9528392591979545,0.04716074080204513
0.8812663727625716,0.11873362723742814
0.8690292938895164,0.13097070611048323
0.6397701648260246,0.3602298351739751
0.40278182277285235,0.5972181772271473
0.22852064771311043,0.7714793522868892
0.37438266378364604,0.6256173362163536
0.7404216657461449,0.2595783342538548
0.9505433514479364,0.049456648552063276
0.853270605368974,0.14672939463102563
0.6181691264403715,0.38183087355962814
0.5733252131813972,0.4266747868186025
0.629484383756432,0.37051561624356766
0.682603526148088,0.3173964738519117
0.6389841381370412,0.3610158618629584
0.7668814497758517,0.23311855022414796
0.4383750315757621,0.5616249684242376
0.380896820519333,0.6191031794806667
0.569872898987408,0.43012710101259166
0.32770196978506183,0.6722980302149378
0.033810484118641904,0.9661895158813578
0.4954544777474568,0.5045455222525428
0.5941381233756899,0.4058618766243097
0.9040216691413041,0.09597833085869556
0.9653883057811415,0.034611694218858124
0.30726731116352485,0.6927326888364749
0.25569352126515005,0.7443064787348497
0.1606595105001371,0.8393404894998626
0.11830314463287345,0.8816968553671263
0.3237814510641567,0.676218548935843
0.41103694528845786,0.5889630547115419
0.5407085841806292,0.4592914158193705
0.5037350764450496,0.4962649235549501
0.8078912683782526,0.19210873162174702
0.9148547238843318,0.08514527611566791
0.7942132877355743,0.20578671226442535
0.25946682751223593,0.7405331724877637
0.35990719776095037,0.6400928022390493
0.14608296072594557,0.853917039274054
0.21204241560078113,0.7879575843992186
0.32662313324483855,0.6733768667551612
0.2277909455346343,0.7722090544653654
0.1761777556574674,0.8238222443425323
0.2045993154170127,0.795400684582987
0.6489932130770046,0.3510067869229951
0.7464495413060712,0.25355045869392845
0.7894292225485264,0.21057077745147318
0.5907087427006584,0.40929125729934124
0.358293133595631,0.6417068664043687
0.47659513847513285,0.5234048615248668
0.541494974938132,0.45850502506186763
0.16092698106246744,0.8390730189375322
0.3313577941819863,0.6686422058180134
0.4490540752002896,0.55094592479971
0.9958357883797961,0.004164211620203584
0.5935446599185519,0.40645534008144774
0.5367178253678492,0.4632821746321505
0.6934203991124515,0.30657960088754815
0.7416621536940943,0.2583378463059054
0.9172602666996144,0.08273973330038537
0.9171521694464255,0.0828478305535742
0.17716826878672898,0.8228317312132707
0.7336743453582971,0.26632565464170255
0.6057001257380541,0.39429987426194557
0.8303375689232908,0.1696624310767088
0.993314535778985,0.006685464221014681
0.971985043449788,0.02801495655021169
0.9407031507391832,0.059296849260816464
0.9779866323392108,0.02201336766078893
0.8957616377365383,0.10423836226346145
0.9494468101291376,0.0505531898708621
0.9531342688948538,0.046865731105145914
0.28151253068497717,0.7184874693150225
0.4933522623994958,0.5066477376005039
0.41837974244960885,0.5816202575503908
0.6190077888933443,0.3809922111066554
0.28458329501779267,0.715416704982207
0.21223160774043492,0.7877683922595647
0.5900618570032076,0.4099381429967921
0.7265004594254194,0.2734995405745803
0.6319480960860053,0.3680519039139943
0.7971955836090889,0.2028044163909108
0.926066826358076,0.0739331736419237
0.7962598749233905,0.20374012507660927
0.41505897404736464,0.5849410259526351
0.1316565718148841,0.8683434281851156
0.41269288080920946,0.5873071191907902
0.6836753908535661,0.31632460914643357
0.8597055401674072,0.14029445983259248
0.2233539015638238,0.7766460984361758
0.7315888096591829,0.2684111903408168
0.8523070205092431,0.1476929794907565
0.8223604150581072,0.17763958494189253
0.6213099780371498,0.3786900219628499
0.39274983680983533,0.6072501631901643
0.4207775509954531,0.5792224490045466
0.42117181117134395,0.5788281888286557
0.899113739867548,0.10088626013245172
0.9727663250065668,0.02723367499343282
0.8061070171258911,0.19389298287410855
0.18162727517718424,0.8183727248228154
0.28912280392877876,0.7108771960712209
0.49436415714296666,0.505635842857033
0.22489338878469867,0.775106611215301
0.08120294637849307,0.9187970536215067
0.32927558968574455,0.6707244103142551
0.4975142513826116,0.502485748617388
0.29136976993328345,0.7086302300667162
0.05431553200331324,0.9456844679966865
0.43164869786931476,0.568351302130685
0.2528245899232515,0.7471754100767481
0.08312637911889231,0.9168736208811074
0.5575096967577476,0.442490303242252
0.5581988594373233,0.4418011405626764
0.6114021141534326,0.38859788584656707
0.5946798957378983,0.40532010426210147
0.6000895858164548,0.3999104141835449
0.5404996989944267,0.45950030100557293
0.567858237766387,0.4321417622336126
0.5823729747642408,0.4176270252357589
0.4576116213277255,0.5423883786722742
0.32461745120969016,0.6753825487903096
0.25014084954157273,0.7498591504584269
0.3299355027980062,0.6700644972019935
0.6812747711436509,0.3187252288563488
0.861289399291169,0.13871060070883068
0.6450275560893057,0.35497244391069394
0.6336430316905133,0.3663569683094864
0.7485966235715517,0.251403376428448
0.5740890866441635,0.4259109133558362
0.09114853975346598,0.9088514602465336
0.04255912747080165,0.9574408725291981
0.30279417176619616,0.6972058282338035
0.23472523723192956,0.76527476276807
0.27010487233204394,0.7298951276679557
0.8026398741761084,0.19736012582389129
0.42565538063666025,0.5743446193633395
0.3563266946720764,0.6436733053279233
0.3639750721451731,0.6360249278548266
0.8283529979229121,0.17164700207708755
0.7700140061654944,0.22998599383450524
0.3920254230995235,0.6079745769004762
0.7212343557387821,0.27876564426121747
0.7763683313540441,0.22363166864595557
0.535766171698534,0.4642338283014657
0.0317896119195929,0.9682103880804067
0.05490991117844002,0.9450900888215596
0.13488244206705846,0.8651175579329412
0.054656965232584453,0.9453430347674152
0.19663391687529808,0.8033660831247016
0.8221301274252577,0.17786987257474196
0.7604870114671962,0.2395129885328034
0.8840452409023489,0.11595475909765074
0.7013044341867674,0.29869556581323226
0.6222173809625792,0.3777826190374205
0.7857309511621551,0.21426904883784453
0.5344732363059561,0.4655267636940436
0.12679382800324684,0.8732061719967528
0.36874501516595226,0.6312549848340474
0.511601956317512,0.4883980436824876
0.8015168270279948,0.1984831729720049
0.03142517023176228,0.9685748297682374
0.3157805775710079,0.6842194224289917
0.6362610927681475,0.3637389072318522
0.9384046107239119,0.06159538927608771
0.7059273388548284,0.2940726611451712
0.289786986964801,0.7102130130351987
0.8737710378946927,0.12622896210530699
0.9295675276022632,0.07043247239773637
0.5202026851867614,0.4797973148132383
0.9138199008150718,0.08618009918492786
0.8445488081908039,0.15545119180919575
0.8560950399680443,0.14390496003195546
0.9635774562031856,0.03642254379681409
0.895602386501875,0.10439761349812465
0.4530484590883893,0.5469515409116104
0.49937848927305106,0.5006215107269486
0.4952717631619028,0.5047282368380969
0.7424179243927342,0.25758207560726537
0.5476438198016855,0.45235618019831414
0.03289843413644472,0.9671015658635549
0.7879824208816945,0.2120175791183052
0.21346860813343,0.7865313918665697
0.6494365643497666,0.35056343565023307
0.506265076753222,0.4937349232467777
0.24418225332373944,0.7558177466762602
0.09936134487814596,0.9006386551218537
0.17356003226746863,0.826439967732531
0.5511950083908574,0.4488049916091423
0.3646921853777315,0.6353078146222682
0.2601062681642714,0.7398937318357283
0.6863348728118934,0.3136651271881062
0.7822841944480329,0.2177158055519668
0.7043994315962117,0.29560056840378807
0.7384804323405679,0.26151956765943174
0.6591230903520608,0.3408769096479389
0.032859879794992275,0.9671401202050074
0.1810312525643451,0.8189687474356546
0.4349244160744439,0.5650755839255558
0.04140532868071761,0.9585946713192821
0.6604121238099365,0.3395878761900632
0.5177878154076434,0.48221218459235626
0.050980107940582275,0.9490198920594174
0.07365858065886466,0.926341419341135
0.2547184816502257,0.745281518349774
0.23218877640355623,0.7678112235964434
0.3260564313213654,0.6739435686786343
0.6835382849822673,0.31646171501773235
0.7596183363425543,0.2403816636574454
0.8334964014222324,0.16650359857776725
0.15571678700836578,0.8442832129916339
0.0565747868084307,0.943425213191569
0.13065408063853995,0.8693459193614597
0.19194410796055128,0.8080558920394484
0.42312434689640355,0.5768756531035961
0.3588203120971252,0.6411796879028744
0.38487407993456846,0.6151259200654312
0.025962091037390667,0.974037908962609
0.0211418229521369,0.9788581770478628
0.9067439920662289,0.09325600793377076
0.9814321503091217,0.01856784969087799
0.9135659733339867,0.08643402666601302
0.9069991954219573,0.09300080457804238
0.5011409453075184,0.49885905469248126
0.5047251702290091,0.4952748297709906
0.39197529861530644,0.6080247013846932
0.4129038417111376,0.5870961582888621
0.6876882844878278,0.31231171551217185
0.608004786464294,0.39199521353570566
0.6258542652998795,0.37414573470012014
0.44907557231666306,0.5509244276833366
0.5299516975034866,0.470048302496513
0.4171897538527968,0.5828102461472029
0.8939343441388462,0.10606565586115346
0.6912018777787796,0.3087981222212201
0.5298509738575301,0.4701490261424696
0.3338055386456792,0.6661944613543205
0.15144219308712842,0.8485578069128712
0.330176576145536,0.6698234238544636
0.39482763243781793,0.6051723675621817
0.4276574533962366,0.572342546603763
0.9704001867212189,0.029599813278780807
0.9308692858592109,0.06913071414078875
0.47265667803830913,0.5273433219616905
0.13337978612455603,0.8666202138754436
0.0859540221563756,0.9140459778436241
0.4384997282597273,0.5615002717402724
0.21785292136888712,0.7821470786311125
0.025744850915129736,0.9742551490848699
0.013212018252872493,0.9867879817471272
0.2554642839122636,0.744535716087736
0.8988335121186044,0.10116648788139526
0.7008653607314876,0.2991346392685121
0.8155448039443318,0.18445519605566785
0.25762467915870757,0.7423753208412921
0.29599218909455477,0.7040078109054448
0.5608161466459611,0.43918385335403853
0.27851694124557885,0.7214830587544208
0.8508569802772064,0.1491430197227933
0.6141512720790144,0.38584872792098523
0.9183091337535773,0.08169086624642241
0.6622993990375167,0.337700600962483
0.6132927554552463,0.38670724454475336
0.5620463672296477,0.43795363277035193
0.6794192619657098,0.3205807380342899
0.6559717644561058,0.34402823554389383
0.3139777111592358,0.6860222888407639
0.4416445348694324,0.5583554651305673
0.923576943898854,0.07642305610114564
0.7007143974195937,0.2992856025804059
0.6886082205092849,0.3113917794907147
0.6350378966558734,0.36496210334412627
0.6600319582057728,0.3399680417942269
0.1868159394485691,0.8131840605514306
0.769125743641311,0.23087425635868863
0.3249963297697188,0.6750036702302809
0.760574788070929,0.23942521192907068
0.8416261100148932,0.1583738899851065
0.5951602871871642,0.4048397128128355
0.38014449069399353,0.6198555093060062
0.7195306897937155,0.28046931020628424
0.453161782672886,0.5468382173271137
0.4572602799501908,0.5427397200498089
0.3785374388316086,0.621462561168391
0.07433210146629993,0.9256678985336997
0.32956410858260277,0.6704358914173969
0.44641253177568146,0.5535874682243183
0.16334901905845084,0.8366509809415488
0.08529609812778005,0.9147039018722196
0.07776535015663949,0.9222346498433602
0.13408459750851526,0.8659154024914844
0.18464037053776228,0.8153596294622374
0.5786094026743199,0.42139059732567974
0.3235516699203821,0.6764483300796176
0.7038832731667743,0.2961167268332253
0.646153950672214,0.3538460493277856
0.13503832325095588,0.8649616767490438
0.17761476952370148,0.8223852304762982
0.023807406516139773,0.9761925934838599
0.6409672221539431,0.3590327778460566
0.9902868176993543,0.009713182300645329
0.6097147259966298,0.3902852740033698
0.9490164391619484,0.05098356083805122
0.43753792520636847,0.5624620747936312
0.31785800723491187,0.6821419927650878
0.48073413039488094,0.5192658696051187
0.9241902792078799,0.07580972079211978
0.9488898128928429,0.05111018710715681
0.9939675083987691,0.006032491601230594
0.9937284849492241,0.006271515050775611
0.9876902615420317,0.012309738457968011
0.8414800528824775,0.1585199471175222
0.9063230909890818,0.09367690901091785
0.9746581219548885,0.02534187804511112
0.6508295675351573,0.34917043246484236
0.7297361342573025,0.2702638657426971
0.5343175249011176,0.46568247509888205
0.8349224906605457,0.16507750933945392
0.9026207727206657,0.09737922727933401
0.24721228578644622,0.7527877142135535
0.5577235337943305,0.4422764662056692
0.03483671700568142,0.9651632829943182
0.18974872756545336,0.8102512724345463
0.25876455215405986,0.7412354478459398
0.12250397118654283,0.8774960288134568
0.08545212544773872,0.9145478745522609
0.13172995554743883,0.8682700444525608
0.31988799115118277,0.6801120088488168
0.5128261378742867,0.487173862125713
0.5971174476915503,0.4028825523084494
0.44214031394995984,0.5578596860500398
0.7575712597469308,0.24242874025306888
0.8664964284390722,0.13350357156092757
0.9565010069037228,0.04349899309627686
0.7492084745199704,0.25079152548002925
0.8032917471483998,0.19670825285159993
0.5820539052845912,0.41794609471540844
0.32115618670158314,0.6788438132984165
0.21060840953605992,0.7893915904639397
0.005238643024060796,0.9947613569759388
0.16134284028931828,0.8386571597106813
0.21331064017978119,0.7866893598202185
0.07342371380656632,0.9265762861934334
0.801233684818148,0.19876631518185167
0.9229840638298947,0.07701593617010494
0.1534513848144149,0.8465486151855848
0.1864299040645609,0.8135700959354388
0.3012918955184807,0.698708104481519
0.5919901645172327,0.408009835482767
0.41398636083993295,0.5860136391600668
0.4706969788905943,0.5293030211094054
0.6903617164324181,0.30963828356758166
0.8519971552925845,0.14800284470741515
0.04954626110576654,0.9504537388942331
0.0507528216786024,0.9492471783213973
0.004277828843418263,0.9957221711565813
0.3104369995127131,0.6895630004872866
0.2516970589987132,0.7483029410012865
0.8153340599246491,0.18466594007535053
0.7567817425162559,0.24321825748374382
0.5682669192416191,0.43173308075838057
0.8758805801901186,0.12411941980988106
0.8727454030680519,0.12725459693194774
0.9357843698408107,0.06421563015918896
0.8374970056763685,0.16250299432363113
0.6925526252885431,0.30744737471145656
0.4625207498814552,0.5374792501185445
0.7347720299375886,0.265227970062411
0.48204713520543,0.5179528647945697
0.3867835733674244,0.6132164266325753
0.9163584269331808,0.08364157306681891
0.6086324713548223,0.3913675286451773
0.7110179355244737,0.288982064475526
0.9874631880962985,0.012536811903701206
0.789446639379522,0.2105533606204777
0.9268113283732906,0.073188671626709
0.27308237189788176,0.7269176281021179
0.7497018336269783,0.2502981663730214
0.8225796675323143,0.17742033246768546
0.8358206399697924,0.16417936003020728
0.45159565566692494,0.5484043443330747
0.16020013966581986,0.8397998603341799
0.31193295307611496,0.6880670469238848
0.10845280598149754,0.8915471940185021
0.15369232777509845,0.8463076722249012
0.35518171042929236,0.6448182895707073
0.41825589809334063,0.581744101906659
0.9519636926659043,0.04803630733409536
0.8402903210640128,0.15970967893598687
0.9649438083162943,0.03505619168370533
0.40555684882902854,0.5944431511709711
0.37197594022087255,0.6280240597791271
0.7109879700484386,0.28901202995156106
0.7523572600244672,0.24764273997553238
0.7707344568501134,0.22926554314988623
0.6295803954179812,0.3704196045820185
0.856927256722942,0.1430727432770577
0.9247105442148332,0.07528945578516644
0.8089907239193465,0.1910092760806532
0.754352208412326,0.2456477915876737
0.9959527080726938,0.004047291927305907
0.5377647906018806,0.462235209398119
0.9436265338161984,0.05637346618380118
0.7928284542942593,0.20717154570574037
0.9607683474232644,0.039231652576735276
0.7268486058031374,0.2731513941968623
0.7210397783859677,0.27896022161403194
0.6552559716122341,0.3447440283877655
0.8219339717217566,0.17806602827824297
0.2643039023313666,0.7356960976686331
0.05391945177379509,0.9460805482262046
0.2136524633564289,0.7863475366435708
0.4627693762116025,0.5372306237883971
0.45784050667352183,0.5421594933264778
0.7407856931443072,0.25921430685569247
0.07390668852187476,0.9260933114781249
0.17320288719887839,0.8267971128011213
0.026813229673056105,0.9731867703269436
0.8886506233962777,0.11134937660372202
0.6883743894307872,0.3116256105692124
0.8009171805096997,0.19908281949029993
0.998884851895641,0.0011151481043585876
0.9994750268205341,5.249731794655377E-4
0.6642370971014444,0.33576290289855526
0.5260582454455716,0.47394175455442805
0.9800149605116658,0.019985039488333856
0.631953151777173,0.3680468482228267
0.1431646258101122,0.8568353741898875
0.31315629733962114,0.6868437026603785
0.8650560435179978,0.13494395648200186
0.926576983594826,0.07342301640517368
0.8796200760147035,0.12037992398529618
0.39867045175866006,0.6013295482413397
0.5504654787697767,0.4495345212302229
0.6564169355720036,0.343583064427996
0.4456206053950258,0.5543793946049739
0.3729972619019466,0.6270027380980531
0.34845784724366435,0.6515421527563353
0.010171915407500287,0.9898280845924994
0.27401535338767324,0.7259846466123264
0.20115947579266896,0.7988405242073306
0.3532095318625345,0.6467904681374652
0.44723930923418975,0.5527606907658099
0.5627951707868241,0.4372048292131756
0.49219860697431517,0.5078013930256845
0.2911094611429744,0.7088905388570252
0.20046809620940625,0.7995319037905935
0.5388307615884362,0.4611692384115634
0.12339617113955764,0.8766038288604421
0.9054125981574623,0.09458740184253728
0.530682579183444,0.4693174208165557
0.4189001265995631,0.5810998734004366
0.35556042919894704,0.6444395708010526
0.40385118270404186,0.5961488172959578
0.3447721171591258,0.6552278828408739
0.057595511772066454,0.9424044882279332
0.2278283630911327,0.7721716369088669
0.5069633948411729,0.4930366051588267
0.4795945702266383,0.5204054297733613
0.5467205542237028,0.45327944577629686
0.6303761992053472,0.36962380079465257
0.6653417365548518,0.3346582634451478
0.9205515853621774,0.07944841463782226
0.9430647728724233,0.05693522712757643
0.0678844291825918,0.9321155708174078
0.609158513326967,0.3908414866730326
0.7726056892771218,0.2273943107228779
0.8717480338693382,0.12825196613066148
0.7479346401048614,0.2520653598951382
0.6941575982899232,0.3058424017100765
0.13017390901849307,0.8698260909815065
0.12830700460009908,0.8716929953999006
0.017084479711594658,0.982915520288405
0.14972062640371775,0.8502793735962819
0.21305872188219244,0.7869412781178072
0.73485409023143,0.26514590976856967
0.8682625546280247,0.13173744537197501
0.30417211290880103,0.6958278870911987
0.3765545242913043,0.6234454757086954
0.3281142188937106,0.671885781106289
0.08861080526270437,0.9113891947372953
0.4170671913424042,0.5829328086575954
0.006271815345467169,0.9937281846545325
0.12778457685156785,0.8722154231484318
0.9583762587235379,0.041623741276461734
0.6592045291579166,0.34079547084208306
0.6414738798872948,0.3585261201127049
0.5176540155612994,0.48234598443870025
0.5566116106719221,0.4433883893280775
0.8023838570608504,0.19761614293914936
0.8512098375861827,0.14879016241381693
0.27708738973904357,0.7229126102609561
0.35996441907938076,0.6400355809206189
0.99576077308254,0.004239226917459649
0.1435139232822611,0.8564860767177386
0.019002880188502713,0.980997119811497
0.2739843413898654,0.7260156586101343
0.9738265246316065,0.02617347536839315
0.80767730750068,0.19232269249931966
0.45942438417898124,0.5405756158210184
0.3221707482870615,0.6778292517129382
0.06189914460882939,0.9381008553911703
0.4779558115779685,0.5220441884220312
0.29121304484799404,0.7087869551520056
0.3742500017581458,0.6257499982418538
0.15181923336902015,0.8481807666309795
0.23506776013030173,0.7649322398696979
0.01508288856742096,0.9849171114325788
0.2947161425448446,0.7052838574551551
0.41252096245227754,0.5874790375477221
0.08377896138841173,0.9162210386115879
0.11367270203378527,0.8863272979662145
0.2210675302193384,0.7789324697806612
0.1772517298031484,0.8227482701968513
0.10088328514494455,0.8991167148550552
0.0038124966405577165,0.996187503359442
0.0098489444789574,0.9901510555210422
0.09950180417144427,0.9004981958285554
0.537491727509554,0.4625082724904457
0.8548500761829336,0.1451499238170661
0.6702357665204335,0.3297642334795661
0.8944155203822389,0.10558447961776074
0.9778361556013166,0.02216384439868302
0.1473050893816628,0.8526949106183368
0.019741940710898298,0.9802580592891014
0.37138023708512974,0.62861976291487
0.370328572835259,0.6296714271647407
0.3104076524448811,0.6895923475551186
0.1633911439937592,0.8366088560062405
0.49973450166301114,0.5002654983369885
0.21138976847521107,0.7886102315247886
0.6078810506820849,0.3921189493179148
0.15589885947235543,0.8441011405276442
0.13759245145414134,0.8624075485458583
0.15704049114448365,0.842959508855516
0.6304153419749385,0.3695846580250611
0.4699233832842733,0.5300766167157264
0.29016397221567247,0.7098360277843272
0.566085606332899,0.4339143936671008
0.8028991570859312,0.19710084291406854
0.7248965182468895,0.27510348175311017
0.18600522707326583,0.8139947729267338
0.07039033375305503,0.9296096662469446
0.29937067257699634,0.7006293274230033
0.5581584222342422,0.4418415777657575
0.12187190055653263,0.878128099443467
0.11672111552157372,0.883278884478426
0.30012049792402173,0.6998795020759779
0.21959326545079505,0.7804067345492046
0.3055821247393436,0.694417875260656
0.5054731247496257,0.494526875250374
0.9894878012258921,0.010512198774107528
0.8726177923505338,0.1273822076494659
0.8408547435551363,0.15914525644486338
0.8273473037405439,0.17265269625945584
0.9817650030694962,0.01823499693050351
0.3421750579562668,0.6578249420437329
0.34669724747744224,0.6533027525225574
0.6612246862534706,0.338775313746529
0.2991552490802894,0.7008447509197102
0.05077268847202465,0.949227311527975
0.7037476604452764,0.29625233955472335
0.8089442837481575,0.19105571625184214
0.5287720563043049,0.47122794369569476
0.8307388351459578,0.16926116485404186
0.9971906734380663,0.002809326561933334
0.60697102129808,0.39302897870191966
0.7871449464510305,0.21285505354896916
0.8542486357018326,0.14575136429816699
0.6674196701470205,0.33258032985297914
0.20831894519559474,0.7916810548044049
0.060944722678583696,0.939055277321416
0.14108576772781312,0.8589142322721866
0.3260035825431933,0.6739964174568064
0.2945833040899949,0.7054166959100048
0.14805638249669018,0.8519436175033095
0.21361706386242457,0.7863829361375752
0.6574309295595147,0.342569070440485
0.5697647858910325,0.43023521410896715
0.75380187907339,0.2461981209266096
0.7757966253346359,0.22420337466536377
0.23325706804250879,0.7667429319574909
0.0071670506439768245,0.9928329493560228
0.30709023693265974,0.69290976306734
0.4015086734555895,0.5984913265444102
0.10494194752664066,0.895058052473359
0.11134258625157623,0.8886574137484234
0.11382019364750684,0.8861798063524928
0.25295677122428534,0.7470432287757143
0.30435416717008407,0.6956458328299155
0.36504545048000725,0.6349545495199924
0.48872554631884396,0.5112744536811558
0.5976212559836188,0.40237874401638085
0.5335969668391563,0.4664030331608434
0.506735619785283,0.4932643802147167
0.3183929570639482,0.6816070429360515
0.39444084461974427,0.6055591553802554
0.5654104834969065,0.43458951650309324
0.8059903140836802,0.19400968591631956
0.6940811280087766,0.305918871991223
0.30722674747233986,0.6927732525276598
0.21863068768457067,0.781369312315429
0.3950463130050431,0.6049536869949566
0.23399500007260543,0.7660049999273942
0.5880661047944039,0.41193389520559576
0.5975114355136357,0.40248856448636394
0.9667423642549104,0.03325763574508922
0.9950419614906743,0.004958038509325358
0.46730743005696873,0.5326925699430309
0.27589269011000433,0.7241073098899953
0.30801021524052047,0.6919897847594791
0.1818900094401923,0.8181099905598074
0.8585881225962962,0.14141187740370342
0.2634282038495044,0.7365717961504953
0.1489397414503219,0.8510602585496778
0.9971584357829605,0.002841564217039183
0.9256135333991714,0.07438646660082826
0.776022368190374,0.22397763180962577
0.8776097862497747,0.12239021375022502
0.6240227464603819,0.37597725353961775
0.11665268723085487,0.8833473127691448
0.2825763392263669,0.7174236607736328
0.03164950113039888,0.9683504988696008
0.24049651086999535,0.7595034891300043
0.7032687795056479,0.29673122049435174
0.14336540929928115,0.8566345907007185
0.16436055100274427,0.8356394489972554
0.05702513908226842,0.9429748609177313
0.5923801044588266,0.40761989554117306
0.4100661224490618,0.5899338775509378
0.4390555646469303,0.5609444353530694
0.6803538593592844,0.3196461406407153
0.7905495740255652,0.20945042597443447
0.4273497023108507,0.572650297689149
0.1344473404713789,0.8655526595286207
0.30340314236008076,0.6965968576399189
0.6907010408536044,0.30929895914639527
0.6365046414849697,0.36349535851503
0.9072600140188214,0.09273998598117833
0.43858733463126265,0.561412665368737
0.36685111578583296,0.6331488842141667
0.5817031328586939,0.4182968671413058
0.5793895382303829,0.4206104617696168
0.41179434984255064,0.5882056501574491
0.5407350299474794,0.45926497005252026
0.4099369031809488,0.5900630968190509
0.19495089971222246,0.8050491002877772
0.6525769898322733,0.3474230101677264
0.4355649032039153,0.5644350967960844
0.2649817664275276,0.7350182335724721
0.1917856599829343,0.8082143400170654
0.13775064796029668,0.862249352039703
0.448359598848762,0.5516404011512377
0.3381498837629161,0.6618501162370836
0.3278875143404749,0.6721124856595247
0.9812506452525329,0.018749354747466807
0.8077280432467332,0.19227195675326647
0.912844646070829,0.08715535392917062
0.6610368368218495,0.33896316317815006
0.9372802826705602,0.06271971732943948
0.7768984075130274,0.2231015924869722
0.8444648978548892,0.15553510214511046
0.8578989780430273,0.14210102195697238
0.716563036376236,0.2834369636237637
0.8660664905942945,0.1339335094057051
0.9096370813352646,0.09036291866473506
0.19450000114961463,0.805499998850385
0.5145054987392095,0.4854945012607902
0.5299457919491668,0.4700542080508329
0.7143974468482703,0.28560255315172933
0.7757235312740809,0.22427646872591872
0.5856214306745952,0.4143785693254045
0.9636282548570987,0.03637174514290098
0.4785018244875944,0.5214981755124053
0.9425709901561714,0.05742900984382826
0.7713634671908927,0.22863653280910695
0.0952454870202768,0.9047545129797229
0.5045496672888958,0.49545033271110384
0.7150133230659876,0.28498667693401203
0.9482782081120834,0.05172179188791626
0.8959798341347095,0.10402016586529017
0.9325352458576994,0.0674647541423003
0.38998866010024896,0.6100113398997506
0.9829148840349687,0.017085115965030928
0.9824136119074165,0.01758638809258317
0.6089096747945464,0.3910903252054533
0.4655448747476313,0.5344551252523684
0.2957273523458125,0.7042726476541872
0.6145066801284352,0.38549331987156443
0.4599831849867775,0.5400168150132222
0.4809033381886205,0.5190966618113791
0.4554212752488289,0.5445787247511708
0.28075237610245246,0.7192476238975472
0.357059740863495,0.6429402591365047
0.6706222294761763,0.3293777705238233
0.13905309047199788,0.8609469095280018
0.07497723076382651,0.9250227692361732
0.8587908979783213,0.14120910202167836
0.7944468748781359,0.20555312512186374
0.8131901627389203,0.18680983726107936
0.5787914447922028,0.4212085552077969
0.7799951407362022,0.22000485926379743
0.206679287971273,0.7933207120287267
0.2076899811405265,0.7923100188594732
0.48596076684383,0.5140392331561696
0.6739002627372512,0.3260997372627485
0.6792153441816234,0.32078465581837623
0.37853752430380117,0.6214624756961985
0.04762093702837911,0.9523790629716206
0.13496408953851224,0.8650359104614874
0.5661569903272505,0.43384300967274914
0.9963637154084046,0.003636284591595096
0.7787375952612187,0.221262404738781
0.3536486201331162,0.6463513798668834
0.3703859093780417,0.629614090621958
0.49698153761286123,0.5030184623871384
0.02580153255662515,0.9741984674433746
0.08436194249596085,0.9156380575040388
0.2536066476435168,0.7463933523564829
0.3387954120289076,0.661204587971092
0.24155598267034784,0.7584440173296518
0.45554179319472166,0.544458206805278
0.25592054306896417,0.7440794569310355
0.012816584454895918,0.9871834155451038
0.011870810067764581,0.9881291899322351
0.014884150750332503,0.9851158492496672
0.20014044230915312,0.7998595576908465
0.0622316062147904,0.9377683937852093
0.25851770669715535,0.7414822933028443
0.28352332032755256,0.7164766796724471
0.39537541441060303,0.6046245855893966
0.3426526032704261,0.6573473967295735
0.2663632693304172,0.7336367306695825
0.7341391982871543,0.2658608017128453
0.957037139082461,0.04296286091753859
0.9832494735443353,0.016750526455664327
0.9871175297450432,0.012882470254956535
0.4774937005104637,0.522506299489536
